U:0,U:1,U:2,vtkValidPointMask,arc_length,Points:0,Points:1,Points:2,
0.0016246,0.070009,0,1,0,0,0.5,0.1,0.070027847
0.0018209,0.075383,0,1,0.001,0.001,0.5,0.1,0.075404989
0.0020172,0.080758,0,1,0.002,0.002,0.5,0.1,0.080783189
0.0022136,0.086133,0,1,0.003,0.003,0.5,0.1,0.08616144
0.0024099,0.091508,0,1,0.004,0.004,0.5,0.1,0.091539727
0.0026062,0.096883,0,1,0.005,0.005,0.5,0.1,0.096918048
0.0028025,0.10226,0,1,0.006,0.006,0.5,0.1,0.102298395
0.0029988,0.10763,0,1,0.007,0.007,0.5,0.1,0.107671768
0.0031951,0.11301,0,1,0.008,0.008,0.5,0.1,0.113055158
0.0033914,0.11838,0,1,0.009,0.009,0.5,0.1,0.118428569
0.0035877,0.12376,0,1,0.01,0.01,0.5,0.1,0.123811991
0.0039128,0.13258,0,1,0.011,0.011,0.5,0.1,0.132637726
0.0042379,0.14141,0,1,0.012,0.012,0.5,0.1,0.141473488
0.004563,0.15023,0,1,0.013,0.013,0.5,0.1,0.150299281
0.0048881,0.15905,0,1,0.014,0.014,0.5,0.1,0.159125096
0.0052131,0.16788,0,1,0.015,0.015,0.5,0.1,0.16796092
0.0055382,0.1767,0,1,0.016,0.016,0.5,0.1,0.176786769
0.0058633,0.18553,0,1,0.017,0.017,0.5,0.1,0.185622626
0.0061884,0.19435,0,1,0.018,0.018,0.5,0.1,0.194448499
0.0065135,0.20317,0,1,0.019,0.019,0.5,0.1,0.203274383
0.0068386,0.212,0,1,0.02,0.02,0.5,0.1,0.21211027
0.0069883,0.21768,0,1,0.021,0.021,0.5,0.1,0.217792146
0.007138,0.22336,0,1,0.022,0.022,0.5,0.1,0.223474027
0.0072877,0.22903,0,1,0.023,0.023,0.5,0.1,0.229145917
0.0074374,0.23471,0,1,0.024,0.024,0.5,0.1,0.234827807
0.0075871,0.24039,0,1,0.025,0.025,0.5,0.1,0.240509701
0.0077368,0.24607,0,1,0.026,0.026,0.5,0.1,0.246191598
0.0078865,0.25175,0,1,0.027,0.027,0.5,0.1,0.251873499
0.0080362,0.25743,0,1,0.028,0.028,0.5,0.1,0.257555403
0.008186,0.26311,0,1,0.029,0.029,0.5,0.1,0.263237313
0.0083357,0.26878,0,1,0.03,0.03,0.5,0.1,0.268909227
0.0083343,0.27265,0,1,0.031,0.031,0.5,0.1,0.272777351
0.0083329,0.27652,0,1,0.032,0.032,0.5,0.1,0.276645527
0.0083315,0.28039,0,1,0.033,0.033,0.5,0.1,0.280513754
0.0083301,0.28425,0,1,0.034,0.034,0.5,0.1,0.284372033
0.0083287,0.28812,0,1,0.035,0.035,0.5,0.1,0.288240354
0.0083273,0.29199,0,1,0.036,0.036,0.5,0.1,0.29210872
0.008326,0.29585,0,1,0.037,0.037,0.5,0.1,0.295967135
0.0083246,0.29972,0,1,0.038,0.038,0.5,0.1,0.299835584
0.0083232,0.30359,0,1,0.039,0.039,0.5,0.1,0.303704073
0.0083218,0.30746,0,1,0.04,0.04,0.5,0.1,0.307572599
0.0082669,0.31035,0,1,0.041,0.041,0.5,0.1,0.310460085
0.0082121,0.31325,0,1,0.042,0.042,0.5,0.1,0.313357625
0.0081572,0.31614,0,1,0.043,0.043,0.5,0.1,0.316245221
0.0081024,0.31904,0,1,0.044,0.044,0.5,0.1,0.319142868
0.0080475,0.32193,0,1,0.045,0.045,0.5,0.1,0.322030569
0.0079926,0.32483,0,1,0.046,0.046,0.5,0.1,0.324928316
0.0079378,0.32772,0,1,0.047,0.047,0.5,0.1,0.327816118
0.0078829,0.33062,0,1,0.048,0.048,0.5,0.1,0.330713962
0.007828,0.33351,0,1,0.049,0.049,0.5,0.1,0.333601855
0.0077732,0.33641,0,1,0.05,0.05,0.5,0.1,0.336499793
0.0077023,0.33853,0,1,0.051,0.051,0.5,0.1,0.338617611
0.0076314,0.34066,0,1,0.052,0.052,0.5,0.1,0.340745468
0.0075605,0.34278,0,1,0.053,0.053,0.5,0.1,0.342863369
0.0074895,0.34491,0,1,0.054,0.054,0.5,0.1,0.344991305
0.0074186,0.34703,0,1,0.055,0.055,0.5,0.1,0.347109286
0.0073477,0.34916,0,1,0.056,0.056,0.5,0.1,0.349237304
0.0072768,0.35128,0,1,0.057,0.057,0.5,0.1,0.351355362
0.0072059,0.35341,0,1,0.058,0.058,0.5,0.1,0.353483455
0.007135,0.35554,0,1,0.059,0.059,0.5,0.1,0.355611586
0.0070641,0.35766,0,1,0.06,0.06,0.5,0.1,0.357729754
0.0069776,0.35898,0,1,0.061,0.061,0.5,0.1,0.359047806
0.0068912,0.36029,0,1,0.062,0.062,0.5,0.1,0.360355897
0.0068047,0.36161,0,1,0.063,0.063,0.5,0.1,0.361674019
0.0067182,0.36293,0,1,0.064,0.064,0.5,0.1,0.362992175
0.0066318,0.36424,0,1,0.065,0.065,0.5,0.1,0.364300368
0.0065453,0.36556,0,1,0.066,0.066,0.5,0.1,0.365618592
0.0064588,0.36688,0,1,0.067,0.067,0.5,0.1,0.366936848
0.0063724,0.36819,0,1,0.068,0.068,0.5,0.1,0.368245141
0.0062859,0.36951,0,1,0.069,0.069,0.5,0.1,0.369563462
0.0061994,0.37083,0,1,0.07,0.07,0.5,0.1,0.370881816
0.0060912,0.37132,0,1,0.071,0.071,0.5,0.1,0.371369957
0.0059831,0.37182,0,1,0.072,0.072,0.5,0.1,0.371868135
0.0058749,0.37232,0,1,0.073,0.073,0.5,0.1,0.372366348
0.0057667,0.37282,0,1,0.074,0.074,0.5,0.1,0.372864596
0.0056585,0.37332,0,1,0.075,0.075,0.5,0.1,0.373362881
0.0055504,0.37382,0,1,0.076,0.076,0.5,0.1,0.373861203
0.0054422,0.37432,0,1,0.077,0.077,0.5,0.1,0.37435956
0.005334,0.37481,0,1,0.078,0.078,0.5,0.1,0.374847953
0.0052258,0.37531,0,1,0.079,0.079,0.5,0.1,0.37534638
0.0051176,0.37581,0,1,0.08,0.08,0.5,0.1,0.375844843
0.0049836,0.37559,0,1,0.081,0.081,0.5,0.1,0.375623062
0.0048496,0.37537,0,1,0.082,0.082,0.5,0.1,0.375401326
0.0047156,0.37515,0,1,0.083,0.083,0.5,0.1,0.375179636
0.0045816,0.37494,0,1,0.084,0.084,0.5,0.1,0.374967992
0.0044476,0.37472,0,1,0.085,0.085,0.5,0.1,0.374746394
0.0043136,0.3745,0,1,0.086,0.086,0.5,0.1,0.374524842
0.0041795,0.37428,0,1,0.087,0.087,0.5,0.1,0.374303335
0.0040455,0.37406,0,1,0.088,0.088,0.5,0.1,0.374081876
0.0039115,0.37384,0,1,0.089,0.089,0.5,0.1,0.373860463
0.0037775,0.37362,0,1,0.09,0.09,0.5,0.1,0.373639096
0.0036177,0.37287,0,1,0.091,0.091,0.5,0.1,0.37288755
0.0034579,0.37213,0,1,0.092,0.092,0.5,0.1,0.372146065
0.0032981,0.37138,0,1,0.093,0.093,0.5,0.1,0.371394644
0.0031382,0.37063,0,1,0.094,0.094,0.5,0.1,0.370643286
0.0029784,0.36988,0,1,0.095,0.095,0.5,0.1,0.369891991
0.0028186,0.36913,0,1,0.096,0.096,0.5,0.1,0.369140761
0.0026588,0.36838,0,1,0.097,0.097,0.5,0.1,0.368389595
0.002499,0.36763,0,1,0.098,0.098,0.5,0.1,0.367638493
0.0023392,0.36688,0,1,0.099,0.099,0.5,0.1,0.366887457
0.0021794,0.36613,0,1,0.1,0.1,0.5,0.1,0.366136486
0.0020001,0.36506,0,1,0.101,0.101,0.5,0.1,0.365065479
0.0018208,0.36398,0,1,0.102,0.102,0.5,0.1,0.363984554
0.0016415,0.36291,0,1,0.103,0.103,0.5,0.1,0.362913712
0.0014622,0.36184,0,1,0.104,0.104,0.5,0.1,0.361842954
0.0012829,0.36077,0,1,0.105,0.105,0.5,0.1,0.360772281
0.0011036,0.35969,0,1,0.106,0.106,0.5,0.1,0.359691693
0.00092434,0.35862,0,1,0.107,0.107,0.5,0.1,0.358621191
0.00074505,0.35755,0,1,0.108,0.108,0.5,0.1,0.357550776
0.00056577,0.35647,0,1,0.109,0.109,0.5,0.1,0.356470449
0.00038648,0.3554,0,1,0.11,0.11,0.5,0.1,0.35540021
0.00019614,0.35418,0,1,0.111,0.111,0.5,0.1,0.354180054
5.80E-06,0.35295,0,1,0.112,0.112,0.5,0.1,0.35295
-0.00018454,0.35173,0,1,0.113,0.113,0.5,0.1,0.351730048
-0.00037489,0.35051,0,1,0.114,0.114,0.5,0.1,0.3505102
-0.00056523,0.34928,0,1,0.115,0.115,0.5,0.1,0.349280457
-0.00075557,0.34806,0,1,0.116,0.116,0.5,0.1,0.34806082
-0.00094591,0.34684,0,1,0.117,0.117,0.5,0.1,0.34684129
-0.0011363,0.34561,0,1,0.118,0.118,0.5,0.1,0.345611868
-0.0013266,0.34439,0,1,0.119,0.119,0.5,0.1,0.344392555
-0.0015169,0.34317,0,1,0.12,0.12,0.5,0.1,0.343173353
-0.0017116,0.34191,0,1,0.121,0.121,0.5,0.1,0.341914284
-0.0019062,0.34065,0,1,0.122,0.122,0.5,0.1,0.340655333
-0.0021008,0.33939,0,1,0.123,0.123,0.5,0.1,0.339396502
-0.0022954,0.33812,0,1,0.124,0.124,0.5,0.1,0.338127791
-0.00249,0.33686,0,1,0.125,0.125,0.5,0.1,0.336869203
-0.0026846,0.3356,0,1,0.126,0.126,0.5,0.1,0.335610737
-0.0028793,0.33434,0,1,0.127,0.127,0.5,0.1,0.334352398
-0.0030739,0.33308,0,1,0.128,0.128,0.5,0.1,0.333094184
-0.0032685,0.33182,0,1,0.129,0.129,0.5,0.1,0.331836097
-0.0034631,0.33056,0,1,0.13,0.13,0.5,0.1,0.33057814
-0.0036573,0.32932,0,1,0.131,0.131,0.5,0.1,0.329340308
-0.0038515,0.32807,0,1,0.132,0.132,0.5,0.1,0.328092607
-0.0040456,0.32683,0,1,0.133,0.133,0.5,0.1,0.326855038
-0.0042398,0.32559,0,1,0.134,0.134,0.5,0.1,0.325617604
-0.004434,0.32435,0,1,0.135,0.135,0.5,0.1,0.324380306
-0.0046281,0.3231,0,1,0.136,0.136,0.5,0.1,0.323133145
-0.0048223,0.32186,0,1,0.137,0.137,0.5,0.1,0.321896123
-0.0050165,0.32062,0,1,0.138,0.138,0.5,0.1,0.320659242
-0.0052107,0.31937,0,1,0.139,0.139,0.5,0.1,0.319412505
-0.0054048,0.31813,0,1,0.14,0.14,0.5,0.1,0.318175909
-0.0055954,0.31692,0,1,0.141,0.141,0.5,0.1,0.316969391
-0.005786,0.31571,0,1,0.142,0.142,0.5,0.1,0.315763015
-0.0059766,0.3145,0,1,0.143,0.143,0.5,0.1,0.314556783
-0.0061671,0.31329,0,1,0.144,0.144,0.5,0.1,0.313350694
-0.0063577,0.31208,0,1,0.145,0.145,0.5,0.1,0.312144753
-0.0065483,0.31087,0,1,0.146,0.146,0.5,0.1,0.31093896
-0.0067388,0.30965,0,1,0.147,0.147,0.5,0.1,0.309723318
-0.0069294,0.30844,0,1,0.148,0.148,0.5,0.1,0.308517828
-0.00712,0.30723,0,1,0.149,0.149,0.5,0.1,0.307312491
-0.0073106,0.30602,0,1,0.15,0.15,0.5,0.1,0.30610731
-0.007496,0.30483,0,1,0.151,0.151,0.5,0.1,0.304922152
-0.0076814,0.30365,0,1,0.152,0.152,0.5,0.1,0.303747142
-0.0078669,0.30246,0,1,0.153,0.153,0.5,0.1,0.302562291
-0.0080523,0.30127,0,1,0.154,0.154,0.5,0.1,0.301377591
-0.0082377,0.30009,0,1,0.155,0.155,0.5,0.1,0.300203044
-0.0084232,0.2989,0,1,0.156,0.156,0.5,0.1,0.299018662
-0.0086086,0.29771,0,1,0.157,0.157,0.5,0.1,0.297834437
-0.008794,0.29653,0,1,0.158,0.158,0.5,0.1,0.29666037
-0.0089795,0.29534,0,1,0.159,0.159,0.5,0.1,0.295476475
-0.0091649,0.29415,0,1,0.16,0.16,0.5,0.1,0.294292742
-0.009345,0.29298,0,1,0.161,0.161,0.5,0.1,0.293128998
-0.009525,0.2918,0,1,0.162,0.162,0.5,0.1,0.291955417
-0.0097051,0.29062,0,1,0.163,0.163,0.5,0.1,0.290782003
-0.0098852,0.28945,0,1,0.164,0.164,0.5,0.1,0.289618749
-0.010065,0.28827,0,1,0.165,0.165,0.5,0.1,0.288445657
-0.010245,0.28709,0,1,0.166,0.166,0.5,0.1,0.287272742
-0.010425,0.28592,0,1,0.167,0.167,0.5,0.1,0.286109991
-0.010606,0.28474,0,1,0.168,0.168,0.5,0.1,0.284937458
-0.010786,0.28357,0,1,0.169,0.169,0.5,0.1,0.283775057
-0.010966,0.28239,0,1,0.17,0.17,0.5,0.1,0.28260284
-0.011141,0.28121,0,1,0.171,0.171,0.5,0.1,0.281430606
-0.011316,0.28004,0,1,0.172,0.172,0.5,0.1,0.280268538
-0.011491,0.27886,0,1,0.173,0.173,0.5,0.1,0.279096655
-0.011666,0.27769,0,1,0.174,0.174,0.5,0.1,0.277934941
-0.011841,0.27651,0,1,0.175,0.175,0.5,0.1,0.276763418
-0.012016,0.27533,0,1,0.176,0.176,0.5,0.1,0.275592077
-0.012191,0.27416,0,1,0.177,0.177,0.5,0.1,0.274430913
-0.012366,0.27298,0,1,0.178,0.178,0.5,0.1,0.273259946
-0.012541,0.27181,0,1,0.179,0.179,0.5,0.1,0.27209916
-0.012716,0.27063,0,1,0.18,0.18,0.5,0.1,0.270928576
-0.012886,0.26945,0,1,0.181,0.181,0.5,0.1,0.26975795
-0.013056,0.26827,0,1,0.182,0.182,0.5,0.1,0.268587513
-0.013226,0.26709,0,1,0.183,0.183,0.5,0.1,0.267417268
-0.013396,0.26591,0,1,0.184,0.184,0.5,0.1,0.266247218
-0.013566,0.26472,0,1,0.185,0.185,0.5,0.1,0.265067378
-0.013737,0.26354,0,1,0.186,0.186,0.5,0.1,0.263897777
-0.013907,0.26236,0,1,0.187,0.187,0.5,0.1,0.262728328
-0.014077,0.26118,0,1,0.188,0.188,0.5,0.1,0.261559084
-0.014247,0.26,0,1,0.189,0.189,0.5,0.1,0.260390048
-0.014417,0.25882,0,1,0.19,0.19,0.5,0.1,0.259221223
-0.014582,0.25763,0,1,0.191,0.191,0.5,0.1,0.258042345
-0.014747,0.25645,0,1,0.192,0.192,0.5,0.1,0.256873659
-0.014913,0.25526,0,1,0.193,0.193,0.5,0.1,0.255695258
-0.015078,0.25408,0,1,0.194,0.194,0.5,0.1,0.254526998
-0.015243,0.25289,0,1,0.195,0.195,0.5,0.1,0.253348971
-0.015408,0.2517,0,1,0.196,0.196,0.5,0.1,0.252171165
-0.015573,0.25052,0,1,0.197,0.197,0.5,0.1,0.251003563
-0.015738,0.24933,0,1,0.198,0.198,0.5,0.1,0.249826207
-0.015904,0.24815,0,1,0.199,0.199,0.5,0.1,0.248659124
-0.016069,0.24696,0,1,0.2,0.2,0.5,0.1,0.24748223
-0.016229,0.24577,0,1,0.201,0.201,0.5,0.1,0.246305244
-0.016389,0.24458,0,1,0.202,0.202,0.5,0.1,0.245128488
-0.016548,0.2434,0,1,0.203,0.203,0.5,0.1,0.243961875
-0.016708,0.24221,0,1,0.204,0.204,0.5,0.1,0.242785587
-0.016868,0.24102,0,1,0.205,0.205,0.5,0.1,0.24160954
-0.017028,0.23983,0,1,0.206,0.206,0.5,0.1,0.240433737
-0.017188,0.23864,0,1,0.207,0.207,0.5,0.1,0.239258181
-0.017348,0.23746,0,1,0.208,0.208,0.5,0.1,0.238092849
-0.017508,0.23627,0,1,0.209,0.209,0.5,0.1,0.236917798
-0.017668,0.23508,0,1,0.21,0.21,0.5,0.1,0.235743005
-0.017822,0.2339,0,1,0.211,0.211,0.5,0.1,0.234577991
-0.017976,0.23271,0,1,0.212,0.212,0.5,0.1,0.233403258
-0.018131,0.23153,0,1,0.213,0.213,0.5,0.1,0.23223883
-0.018285,0.23034,0,1,0.214,0.214,0.5,0.1,0.231064616
-0.018439,0.22916,0,1,0.215,0.215,0.5,0.1,0.229900636
-0.018593,0.22797,0,1,0.216,0.216,0.5,0.1,0.228726956
-0.018748,0.22679,0,1,0.217,0.217,0.5,0.1,0.227563599
-0.018902,0.2256,0,1,0.218,0.218,0.5,0.1,0.226390472
-0.019056,0.22442,0,1,0.219,0.219,0.5,0.1,0.225227591
-0.019211,0.22323,0,1,0.22,0.22,0.5,0.1,0.224055117
-0.019359,0.22206,0,1,0.221,0.221,0.5,0.1,0.222902253
-0.019507,0.22088,0,1,0.222,0.222,0.5,0.1,0.221739707
-0.019655,0.21971,0,1,0.223,0.223,0.5,0.1,0.220587405
-0.019803,0.21853,0,1,0.224,0.224,0.5,0.1,0.219425431
-0.019952,0.21735,0,1,0.225,0.225,0.5,0.1,0.218263842
-0.0201,0.21618,0,1,0.226,0.226,0.5,0.1,0.217112419
-0.020248,0.215,0,1,0.227,0.227,0.5,0.1,0.215951341
-0.020396,0.21383,0,1,0.228,0.228,0.5,0.1,0.214800525
-0.020545,0.21265,0,1,0.229,0.229,0.5,0.1,0.213640164
-0.020693,0.21147,0,1,0.23,0.23,0.5,0.1,0.212480025
-0.020835,0.21031,0,1,0.231,0.231,0.5,0.1,0.211339521
-0.020976,0.20915,0,1,0.232,0.232,0.5,0.1,0.210199227
-0.021118,0.20799,0,1,0.233,0.233,0.5,0.1,0.209059346
-0.02126,0.20683,0,1,0.234,0.234,0.5,0.1,0.207919784
-0.021402,0.20566,0,1,0.235,0.235,0.5,0.1,0.2067706
-0.021544,0.2045,0,1,0.236,0.236,0.5,0.1,0.205631695
-0.021686,0.20334,0,1,0.237,0.237,0.5,0.1,0.204493125
-0.021827,0.20218,0,1,0.238,0.238,0.5,0.1,0.203354789
-0.021969,0.20102,0,1,0.239,0.239,0.5,0.1,0.202216907
-0.022111,0.19986,0,1,0.24,0.24,0.5,0.1,0.201079377
-0.022246,0.19871,0,1,0.241,0.241,0.5,0.1,0.199951366
-0.022382,0.19757,0,1,0.242,0.242,0.5,0.1,0.198833747
-0.022517,0.19643,0,1,0.243,0.243,0.5,0.1,0.197716363
-0.022652,0.19529,0,1,0.244,0.244,0.5,0.1,0.196599332
-0.022787,0.19414,0,1,0.245,0.245,0.5,0.1,0.195472727
-0.022923,0.193,0,1,0.246,0.246,0.5,0.1,0.194356538
-0.023058,0.19186,0,1,0.247,0.247,0.5,0.1,0.193240604
-0.023193,0.19072,0,1,0.248,0.248,0.5,0.1,0.192125047
-0.023328,0.18958,0,1,0.249,0.249,0.5,0.1,0.191009874
-0.023464,0.18843,0,1,0.25,0.25,0.5,0.1,0.189885292
-0.023592,0.18732,0,1,0.251,0.251,0.5,0.1,0.188799801
-0.023721,0.1862,0,1,0.252,0.252,0.5,0.1,0.18770489
-0.023849,0.18508,0,1,0.253,0.253,0.5,0.1,0.186610239
-0.023978,0.18396,0,1,0.254,0.254,0.5,0.1,0.185516107
-0.024106,0.18284,0,1,0.255,0.255,0.5,0.1,0.184422246
-0.024235,0.18173,0,1,0.256,0.256,0.5,0.1,0.183338834
-0.024364,0.18061,0,1,0.257,0.257,0.5,0.1,0.182245923
-0.024492,0.17949,0,1,0.258,0.258,0.5,0.1,0.1811533
-0.024621,0.17837,0,1,0.259,0.259,0.5,0.1,0.180061241
-0.024749,0.17726,0,1,0.26,0.26,0.5,0.1,0.178979386
-0.024871,0.17617,0,1,0.261,0.261,0.5,0.1,0.177916934
-0.024993,0.17508,0,1,0.262,0.262,0.5,0.1,0.176854902
-0.025115,0.17399,0,1,0.263,0.263,0.5,0.1,0.175793297
-0.025237,0.1729,0,1,0.264,0.264,0.5,0.1,0.174732127
-0.025359,0.17181,0,1,0.265,0.265,0.5,0.1,0.173671399
-0.025481,0.17072,0,1,0.266,0.266,0.5,0.1,0.172611123
-0.025603,0.16963,0,1,0.267,0.267,0.5,0.1,0.171551306
-0.025725,0.16854,0,1,0.268,0.268,0.5,0.1,0.170491956
-0.025847,0.16745,0,1,0.269,0.269,0.5,0.1,0.169433084
-0.025969,0.16636,0,1,0.27,0.27,0.5,0.1,0.168374697
-0.026085,0.1653,0,1,0.271,0.271,0.5,0.1,0.167345503
-0.026201,0.16425,0,1,0.272,0.272,0.5,0.1,0.166326651
-0.026317,0.16319,0,1,0.273,0.273,0.5,0.1,0.165298399
-0.026432,0.16213,0,1,0.274,0.274,0.5,0.1,0.164270471
-0.026548,0.16107,0,1,0.275,0.275,0.5,0.1,0.163243197
-0.026664,0.16002,0,1,0.276,0.276,0.5,0.1,0.16222629
-0.026779,0.15896,0,1,0.277,0.277,0.5,0.1,0.161199865
-0.026895,0.1579,0,1,0.278,0.278,0.5,0.1,0.160174127
-0.027011,0.15684,0,1,0.279,0.279,0.5,0.1,0.159148923
-0.027126,0.15578,0,1,0.28,0.28,0.5,0.1,0.158124091
-0.027236,0.15476,0,1,0.281,0.281,0.5,0.1,0.157138338
-0.027346,0.15374,0,1,0.282,0.282,0.5,0.1,0.156153102
-0.027455,0.15271,0,1,0.283,0.283,0.5,0.1,0.155158374
-0.027565,0.15169,0,1,0.284,0.284,0.5,0.1,0.154174204
-0.027675,0.15066,0,1,0.285,0.285,0.5,0.1,0.153180747
-0.027785,0.14964,0,1,0.286,0.286,0.5,0.1,0.152197687
-0.027894,0.14862,0,1,0.287,0.287,0.5,0.1,0.151215011
-0.028004,0.14759,0,1,0.288,0.288,0.5,0.1,0.150223274
-0.028114,0.14657,0,1,0.289,0.289,0.5,0.1,0.149241958
-0.028223,0.14554,0,1,0.29,0.29,0.5,0.1,0.148251237
-0.028328,0.14455,0,1,0.291,0.291,0.5,0.1,0.14729962
-0.028432,0.14357,0,1,0.292,0.292,0.5,0.1,0.146358203
-0.028536,0.14258,0,1,0.293,0.293,0.5,0.1,0.145407564
-0.028641,0.14159,0,1,0.294,0.294,0.5,0.1,0.144457727
-0.028745,0.1406,0,1,0.295,0.295,0.5,0.1,0.14350831
-0.028849,0.13961,0,1,0.296,0.296,0.5,0.1,0.142559521
-0.028953,0.13862,0,1,0.297,0.297,0.5,0.1,0.141611372
-0.029058,0.13763,0,1,0.298,0.298,0.5,0.1,0.140664083
-0.029162,0.13664,0,1,0.299,0.299,0.5,0.1,0.139717257
-0.029266,0.13565,0,1,0.3,0.3,0.5,0.1,0.138771111
-0.029366,0.1347,0,1,0.301,0.301,0.5,0.1,0.137863889
-0.029465,0.13375,0,1,0.302,0.302,0.5,0.1,0.136957105
-0.029565,0.13279,0,1,0.303,0.303,0.5,0.1,0.13604144
-0.029664,0.13184,0,1,0.304,0.304,0.5,0.1,0.135136
-0.029764,0.13088,0,1,0.305,0.305,0.5,0.1,0.13422172
-0.029863,0.12993,0,1,0.306,0.306,0.5,0.1,0.13331768
-0.029962,0.12898,0,1,0.307,0.307,0.5,0.1,0.132414357
-0.030062,0.12802,0,1,0.308,0.308,0.5,0.1,0.131502259
-0.030161,0.12707,0,1,0.309,0.309,0.5,0.1,0.130600424
-0.030261,0.12612,0,1,0.31,0.31,0.5,0.1,0.129699586
-0.030356,0.1252,0,1,0.311,0.311,0.5,0.1,0.128827508
-0.030451,0.12428,0,1,0.312,0.312,0.5,0.1,0.127956171
-0.030547,0.12336,0,1,0.313,0.313,0.5,0.1,0.127085832
-0.030642,0.12244,0,1,0.314,0.314,0.5,0.1,0.126216028
-0.030737,0.12152,0,1,0.315,0.315,0.5,0.1,0.125347013
-0.030833,0.1206,0,1,0.316,0.316,0.5,0.1,0.12447905
-0.030928,0.11968,0,1,0.317,0.317,0.5,0.1,0.123611664
-0.031023,0.11876,0,1,0.318,0.318,0.5,0.1,0.122745119
-0.031118,0.11785,0,1,0.319,0.319,0.5,0.1,0.121889099
-0.031214,0.11693,0,1,0.32,0.32,0.5,0.1,0.121024538
-0.031305,0.11604,0,1,0.321,0.321,0.5,0.1,0.120188538
-0.031397,0.11516,0,1,0.322,0.322,0.5,0.1,0.119363299
-0.031489,0.11427,0,1,0.323,0.323,0.5,0.1,0.118529279
-0.031581,0.11338,0,1,0.324,0.324,0.5,0.1,0.117696151
-0.031672,0.1125,0,1,0.325,0.325,0.5,0.1,0.116873289
-0.031764,0.11161,0,1,0.326,0.326,0.5,0.1,0.116041992
-0.031856,0.11073,0,1,0.327,0.327,0.5,0.1,0.115221255
-0.031948,0.10984,0,1,0.328,0.328,0.5,0.1,0.114391872
-0.032039,0.10896,0,1,0.329,0.329,0.5,0.1,0.113572792
-0.032131,0.10807,0,1,0.33,0.33,0.5,0.1,0.112745404
-0.03222,0.10722,0,1,0.331,0.331,0.5,0.1,0.111956495
-0.032309,0.10637,0,1,0.332,0.332,0.5,0.1,0.111168558
-0.032397,0.10551,0,1,0.333,0.333,0.5,0.1,0.110371761
-0.032486,0.10466,0,1,0.334,0.334,0.5,0.1,0.109585838
-0.032575,0.10381,0,1,0.335,0.335,0.5,0.1,0.10880095
-0.032664,0.10295,0,1,0.336,0.336,0.5,0.1,0.10800759
-0.032752,0.1021,0,1,0.337,0.337,0.5,0.1,0.107224547
-0.032841,0.10125,0,1,0.338,0.338,0.5,0.1,0.106442913
-0.03293,0.10039,0,1,0.339,0.339,0.5,0.1,0.105652908
-0.033018,0.099538,0,1,0.34,0.34,0.5,0.1,0.104871358
-0.033105,0.098715,0,1,0.341,0.341,0.5,0.1,0.104118165
-0.033191,0.097892,0,1,0.342,0.342,0.5,0.1,0.103365788
-0.033277,0.097069,0,1,0.343,0.343,0.5,0.1,0.102614568
-0.033363,0.096246,0,1,0.344,0.344,0.5,0.1,0.101864529
-0.033449,0.095423,0,1,0.345,0.345,0.5,0.1,0.101115699
-0.033535,0.0946,0,1,0.346,0.346,0.5,0.1,0.100368104
-0.033621,0.093777,0,1,0.347,0.347,0.5,0.1,0.099621772
-0.033707,0.092954,0,1,0.348,0.348,0.5,0.1,0.098876731
-0.033793,0.092131,0,1,0.349,0.349,0.5,0.1,0.098133012
-0.033879,0.091308,0,1,0.35,0.35,0.5,0.1,0.097390644
-0.033963,0.090514,0,1,0.351,0.351,0.5,0.1,0.096676106
-0.034046,0.089719,0,1,0.352,0.352,0.5,0.1,0.095961602
-0.03413,0.088925,0,1,0.353,0.353,0.5,0.1,0.095249738
-0.034213,0.088131,0,1,0.354,0.354,0.5,0.1,0.094538894
-0.034297,0.087337,0,1,0.355,0.355,0.5,0.1,0.093829823
-0.034381,0.086542,0,1,0.356,0.356,0.5,0.1,0.09312127
-0.034464,0.085748,0,1,0.357,0.357,0.5,0.1,0.092414754
-0.034548,0.084954,0,1,0.358,0.358,0.5,0.1,0.091710122
-0.034631,0.08416,0,1,0.359,0.359,0.5,0.1,0.091006658
-0.034715,0.083365,0,1,0.36,0.36,0.5,0.1,0.090304233
-0.034796,0.082599,0,1,0.361,0.361,0.5,0.1,0.089628993
-0.034877,0.081832,0,1,0.362,0.362,0.5,0.1,0.088954378
-0.034958,0.081066,0,1,0.363,0.363,0.5,0.1,0.088282264
-0.035039,0.080299,0,1,0.364,0.364,0.5,0.1,0.087610849
-0.03512,0.079532,0,1,0.365,0.365,0.5,0.1,0.086941092
-0.035201,0.078766,0,1,0.366,0.366,0.5,0.1,0.086273943
-0.035282,0.077999,0,1,0.367,0.367,0.5,0.1,0.085607614
-0.035363,0.077233,0,1,0.368,0.368,0.5,0.1,0.08494397
-0.035444,0.076466,0,1,0.369,0.369,0.5,0.1,0.084281233
-0.035524,0.075699,0,1,0.37,0.37,0.5,0.1,0.083619933
-0.035603,0.07496,0,1,0.371,0.371,0.5,0.1,0.082985392
-0.035681,0.07422,0,1,0.372,0.372,0.5,0.1,0.082351334
-0.035759,0.07348,0,1,0.373,0.373,0.5,0.1,0.081719132
-0.035837,0.07274,0,1,0.374,0.374,0.5,0.1,0.081088829
-0.035915,0.072001,0,1,0.375,0.375,0.5,0.1,0.080461365
-0.035993,0.071261,0,1,0.376,0.376,0.5,0.1,0.079834993
-0.036071,0.070521,0,1,0.377,0.377,0.5,0.1,0.079210659
-0.036149,0.069781,0,1,0.378,0.378,0.5,0.1,0.07858841
-0.036227,0.069042,0,1,0.379,0.379,0.5,0.1,0.077969182
-0.036305,0.068302,0,1,0.38,0.38,0.5,0.1,0.077351252
-0.03638,0.067589,0,1,0.381,0.381,0.5,0.1,0.076757914
-0.036454,0.066875,0,1,0.382,0.382,0.5,0.1,0.076165345
-0.036529,0.066162,0,1,0.383,0.383,0.5,0.1,0.075576306
-0.036604,0.065449,0,1,0.384,0.384,0.5,0.1,0.074989495
-0.036679,0.064736,0,1,0.385,0.385,0.5,0.1,0.074404964
-0.036753,0.064022,0,1,0.386,0.386,0.5,0.1,0.073821403
-0.036828,0.063309,0,1,0.387,0.387,0.5,0.1,0.073241594
-0.036903,0.062596,0,1,0.388,0.388,0.5,0.1,0.072664232
-0.036977,0.061883,0,1,0.389,0.389,0.5,0.1,0.072088863
-0.037052,0.061169,0,1,0.39,0.39,0.5,0.1,0.071515713
-0.037123,0.060483,0,1,0.391,0.391,0.5,0.1,0.070966967
-0.037194,0.059796,0,1,0.392,0.392,0.5,0.1,0.07041985
-0.037265,0.059109,0,1,0.393,0.393,0.5,0.1,0.069875275
-0.037335,0.058422,0,1,0.394,0.394,0.5,0.1,0.069332765
-0.037406,0.057735,0,1,0.395,0.395,0.5,0.1,0.068793452
-0.037477,0.057048,0,1,0.396,0.396,0.5,0.1,0.068256867
-0.037548,0.056361,0,1,0.397,0.397,0.5,0.1,0.067723073
-0.037619,0.055675,0,1,0.398,0.398,0.5,0.1,0.067192967
-0.03769,0.054988,0,1,0.399,0.399,0.5,0.1,0.066664955
-0.03776,0.054301,0,1,0.4,0.4,0.5,0.1,0.06613937
-0.037827,0.05364,0,1,0.401,0.401,0.5,0.1,0.065636358
-0.037893,0.052979,0,1,0.402,0.402,0.5,0.1,0.065135658
-0.03796,0.052319,0,1,0.403,0.403,0.5,0.1,0.064639302
-0.038027,0.051658,0,1,0.404,0.404,0.5,0.1,0.064145161
-0.038093,0.050997,0,1,0.405,0.405,0.5,0.1,0.06365352
-0.03816,0.050336,0,1,0.406,0.406,0.5,0.1,0.063165643
-0.038226,0.049676,0,1,0.407,0.407,0.5,0.1,0.062681194
-0.038293,0.049015,0,1,0.408,0.408,0.5,0.1,0.062199872
-0.038359,0.048354,0,1,0.409,0.409,0.5,0.1,0.061721327
-0.038426,0.047693,0,1,0.41,0.41,0.5,0.1,0.061246875
-0.038488,0.047058,0,1,0.411,0.411,0.5,0.1,0.06079294
-0.03855,0.046423,0,1,0.412,0.412,0.5,0.1,0.060342335
-0.038612,0.045788,0,1,0.413,0.413,0.5,0.1,0.059895137
-0.038674,0.045153,0,1,0.414,0.414,0.5,0.1,0.059451423
-0.038736,0.044518,0,1,0.415,0.415,0.5,0.1,0.05901127
-0.038798,0.043882,0,1,0.416,0.416,0.5,0.1,0.058574011
-0.03886,0.043247,0,1,0.417,0.417,0.5,0.1,0.05814123
-0.038921,0.042612,0,1,0.418,0.418,0.5,0.1,0.057711583
-0.038983,0.041977,0,1,0.419,0.419,0.5,0.1,0.057286498
-0.039045,0.041342,0,1,0.42,0.42,0.5,0.1,0.056865394
-0.039103,0.040731,0,1,0.421,0.421,0.5,0.1,0.056462899
-0.03916,0.04012,0,1,0.422,0.422,0.5,0.1,0.056063535
-0.039218,0.039509,0,1,0.423,0.423,0.5,0.1,0.055668776
-0.039275,0.038898,0,1,0.424,0.424,0.5,0.1,0.055277301
-0.039332,0.038288,0,1,0.425,0.425,0.5,0.1,0.054890593
-0.03939,0.037677,0,1,0.426,0.426,0.5,0.1,0.054508058
-0.039447,0.037066,0,1,0.427,0.427,0.5,0.1,0.054129051
-0.039504,0.036455,0,1,0.428,0.428,0.5,0.1,0.053754377
-0.039562,0.035844,0,1,0.429,0.429,0.5,0.1,0.053384868
-0.039619,0.035233,0,1,0.43,0.43,0.5,0.1,0.053019142
-0.039672,0.034645,0,1,0.431,0.431,0.5,0.1,0.05267014
-0.039725,0.034057,0,1,0.432,0.432,0.5,0.1,0.052325471
-0.039778,0.033468,0,1,0.433,0.433,0.5,0.1,0.051984578
-0.039831,0.03288,0,1,0.434,0.434,0.5,0.1,0.051648843
-0.039884,0.032292,0,1,0.435,0.435,0.5,0.1,0.051317704
-0.039937,0.031703,0,1,0.436,0.436,0.5,0.1,0.050990628
-0.039991,0.031115,0,1,0.437,0.437,0.5,0.1,0.050669747
-0.040044,0.030527,0,1,0.438,0.438,0.5,0.1,0.050352951
-0.040097,0.029938,0,1,0.439,0.439,0.5,0.1,0.050040516
-0.04015,0.02935,0,1,0.44,0.44,0.5,0.1,0.049733741
-0.040199,0.028781,0,1,0.441,0.441,0.5,0.1,0.049439919
-0.040248,0.028213,0,1,0.442,0.442,0.5,0.1,0.04915155
-0.040297,0.027644,0,1,0.443,0.443,0.5,0.1,0.048867565
-0.040346,0.027076,0,1,0.444,0.444,0.5,0.1,0.048589191
-0.040396,0.026508,0,1,0.445,0.445,0.5,0.1,0.048316776
-0.040445,0.025939,0,1,0.446,0.446,0.5,0.1,0.048048202
-0.040494,0.025371,0,1,0.447,0.447,0.5,0.1,0.047785476
-0.040543,0.024802,0,1,0.448,0.448,0.5,0.1,0.047527614
-0.040592,0.024234,0,1,0.449,0.449,0.5,0.1,0.047275757
-0.040642,0.023665,0,1,0.45,0.45,0.5,0.1,0.047029824
-0.040688,0.023114,0,1,0.451,0.451,0.5,0.1,0.046794982
-0.040734,0.022562,0,1,0.452,0.452,0.5,0.1,0.046565036
-0.04078,0.02201,0,1,0.453,0.453,0.5,0.1,0.046340571
-0.040826,0.021459,0,1,0.454,0.454,0.5,0.1,0.046122131
-0.040872,0.020907,0,1,0.455,0.455,0.5,0.1,0.045908856
-0.040918,0.020355,0,1,0.456,0.456,0.5,0.1,0.045701299
-0.040964,0.019804,0,1,0.457,0.457,0.5,0.1,0.045499975
-0.04101,0.019252,0,1,0.458,0.458,0.5,0.1,0.045304079
-0.041056,0.0187,0,1,0.459,0.459,0.5,0.1,0.045114135
-0.041102,0.018149,0,1,0.46,0.46,0.5,0.1,0.04493062
-0.041145,0.017611,0,1,0.461,0.461,0.5,0.1,0.04475554
-0.041189,0.017073,0,1,0.462,0.462,0.5,0.1,0.04458723
-0.041232,0.016535,0,1,0.463,0.463,0.5,0.1,0.044423913
-0.041276,0.015996,0,1,0.464,0.464,0.5,0.1,0.044267146
-0.041319,0.015458,0,1,0.465,0.465,0.5,0.1,0.044115865
-0.041363,0.01492,0,1,0.466,0.466,0.5,0.1,0.043971629
-0.041406,0.014382,0,1,0.467,0.467,0.5,0.1,0.043832622
-0.04145,0.013844,0,1,0.468,0.468,0.5,0.1,0.043700788
-0.041493,0.013306,0,1,0.469,0.469,0.5,0.1,0.043574289
-0.041537,0.012768,0,1,0.47,0.47,0.5,0.1,0.043455082
-0.041579,0.01224,0,1,0.471,0.471,0.5,0.1,0.043343175
-0.04162,0.011712,0,1,0.472,0.472,0.5,0.1,0.043236505
-0.041662,0.011184,0,1,0.473,0.473,0.5,0.1,0.043137039
-0.041704,0.010656,0,1,0.474,0.474,0.5,0.1,0.043043861
-0.041746,0.010128,0,1,0.475,0.475,0.5,0.1,0.042957012
-0.041788,0.0096006,0,1,0.476,0.476,0.5,0.1,0.042876666
-0.041829,0.0090727,0,1,0.477,0.477,0.5,0.1,0.042801625
-0.041871,0.0085449,0,1,0.478,0.478,0.5,0.1,0.042734014
-0.041913,0.008017,0,1,0.479,0.479,0.5,0.1,0.042672847
-0.041955,0.0074892,0,1,0.48,0.48,0.5,0.1,0.04261819
-0.041995,0.0069686,0,1,0.481,0.481,0.5,0.1,0.042569254
-0.042036,0.006448,0,1,0.482,0.482,0.5,0.1,0.042527662
-0.042077,0.0059274,0,1,0.483,0.483,0.5,0.1,0.042492446
-0.042117,0.0054068,0,1,0.484,0.484,0.5,0.1,0.042462633
-0.042158,0.0048861,0,1,0.485,0.485,0.5,0.1,0.042440204
-0.042199,0.0043656,0,1,0.486,0.486,0.5,0.1,0.042424216
-0.042239,0.003845,0,1,0.487,0.487,0.5,0.1,0.042413643
-0.04228,0.0033244,0,1,0.488,0.488,0.5,0.1,0.042410494
-0.04232,0.0028038,0,1,0.489,0.489,0.5,0.1,0.042412777
-0.042361,0.0022831,0,1,0.49,0.49,0.5,0.1,0.042422481
-0.042401,0.0017673,0,1,0.491,0.491,0.5,0.1,0.042437815
-0.042441,0.0012514,0,1,0.492,0.492,0.5,0.1,0.042459445
-0.042481,0.00073546,0,1,0.493,0.493,0.5,0.1,0.042487366
-0.042521,0.00021957,0,1,0.494,0.494,0.5,0.1,0.042521567
-0.042561,-0.00029633,0,1,0.495,0.495,0.5,0.1,0.042562032
-0.042601,-0.00081222,0,1,0.496,0.496,0.5,0.1,0.042608742
-0.04264,-0.0013281,0,1,0.497,0.497,0.5,0.1,0.042660678
-0.04268,-0.001844,0,1,0.498,0.498,0.5,0.1,0.042719817
-0.04272,-0.0023599,0,1,0.499,0.499,0.5,0.1,0.042785132
-0.04276,-0.0028758,0,1,0.5,0.5,0.5,0.1,0.042856596
-0.0428,-0.003389,0,1,0.501,0.501,0.5,0.1,0.042933965
-0.042839,-0.0039023,0,1,0.502,0.502,0.5,0.1,0.043016367
-0.042878,-0.0044155,0,1,0.503,0.503,0.5,0.1,0.043104751
-0.042918,-0.0049288,0,1,0.504,0.504,0.5,0.1,0.04320009
-0.042957,-0.005442,0,1,0.505,0.505,0.5,0.1,0.043300337
-0.042997,-0.0059552,0,1,0.506,0.506,0.5,0.1,0.043407447
-0.043036,-0.0064685,0,1,0.507,0.507,0.5,0.1,0.043519407
-0.043076,-0.0069817,0,1,0.508,0.508,0.5,0.1,0.043638125
-0.043115,-0.007495,0,1,0.509,0.509,0.5,0.1,0.043761607
-0.043154,-0.0080082,0,1,0.51,0.51,0.5,0.1,0.043890762
-0.043193,-0.0085203,0,1,0.511,0.511,0.5,0.1,0.044025342
-0.043232,-0.0090324,0,1,0.512,0.512,0.5,0.1,0.044165485
-0.043272,-0.0095446,0,1,0.513,0.513,0.5,0.1,0.044312136
-0.043311,-0.010057,0,1,0.514,0.514,0.5,0.1,0.04446331
-0.04335,-0.010569,0,1,0.515,0.515,0.5,0.1,0.044619797
-0.043389,-0.011081,0,1,0.516,0.516,0.5,0.1,0.044781624
-0.043428,-0.011593,0,1,0.517,0.517,0.5,0.1,0.044948736
-0.043467,-0.012105,0,1,0.518,0.518,0.5,0.1,0.045121072
-0.043506,-0.012617,0,1,0.519,0.519,0.5,0.1,0.045298573
-0.043545,-0.013129,0,1,0.52,0.52,0.5,0.1,0.045481179
-0.043583,-0.013642,0,1,0.521,0.521,0.5,0.1,0.045668173
-0.043622,-0.014154,0,1,0.522,0.522,0.5,0.1,0.045860818
-0.04366,-0.014666,0,1,0.523,0.523,0.5,0.1,0.046057433
-0.043699,-0.015178,0,1,0.524,0.524,0.5,0.1,0.046259856
-0.043737,-0.01569,0,1,0.525,0.525,0.5,0.1,0.04646613
-0.043776,-0.016202,0,1,0.526,0.526,0.5,0.1,0.046678078
-0.043814,-0.016714,0,1,0.527,0.527,0.5,0.1,0.046893756
-0.043853,-0.017226,0,1,0.528,0.528,0.5,0.1,0.047114973
-0.043891,-0.017739,0,1,0.529,0.529,0.5,0.1,0.047340173
-0.04393,-0.018251,0,1,0.53,0.53,0.5,0.1,0.04757041
-0.043967,-0.018764,0,1,0.531,0.531,0.5,0.1,0.047803606
-0.044005,-0.019277,0,1,0.532,0.532,0.5,0.1,0.048042094
-0.044043,-0.01979,0,1,0.533,0.533,0.5,0.1,0.048284883
-0.04408,-0.020303,0,1,0.534,0.534,0.5,0.1,0.048531003
-0.044118,-0.020816,0,1,0.535,0.535,0.5,0.1,0.048782208
-0.044156,-0.021329,0,1,0.536,0.536,0.5,0.1,0.049037522
-0.044194,-0.021842,0,1,0.537,0.537,0.5,0.1,0.049296882
-0.044231,-0.022355,0,1,0.538,0.538,0.5,0.1,0.049559332
-0.044269,-0.022867,0,1,0.539,0.539,0.5,0.1,0.049826138
-0.044307,-0.02338,0,1,0.54,0.54,0.5,0.1,0.050097252
-0.044343,-0.023895,0,1,0.541,0.541,0.5,0.1,0.050371348
-0.04438,-0.024409,0,1,0.542,0.542,0.5,0.1,0.050649617
-0.044417,-0.024924,0,1,0.543,0.543,0.5,0.1,0.050932069
-0.044453,-0.025438,0,1,0.544,0.544,0.5,0.1,0.051216804
-0.04449,-0.025953,0,1,0.545,0.545,0.5,0.1,0.051506488
-0.044527,-0.026467,0,1,0.546,0.546,0.5,0.1,0.051799187
-0.044563,-0.026982,0,1,0.547,0.547,0.5,0.1,0.052095003
-0.0446,-0.027496,0,1,0.548,0.548,0.5,0.1,0.052394561
-0.044636,-0.028011,0,1,0.549,0.549,0.5,0.1,0.052697141
-0.044673,-0.028525,0,1,0.55,0.55,0.5,0.1,0.053003326
-0.044708,-0.029042,0,1,0.551,0.551,0.5,0.1,0.053312691
-0.044743,-0.029559,0,1,0.552,0.552,0.5,0.1,0.053625279
-0.044779,-0.030075,0,1,0.553,0.553,0.5,0.1,0.053941306
-0.044814,-0.030592,0,1,0.554,0.554,0.5,0.1,0.054260161
-0.044849,-0.031108,0,1,0.555,0.555,0.5,0.1,0.054581503
-0.044884,-0.031625,0,1,0.556,0.556,0.5,0.1,0.054906412
-0.044919,-0.032142,0,1,0.557,0.557,0.5,0.1,0.055234271
-0.044955,-0.032658,0,1,0.558,0.558,0.5,0.1,0.05556525
-0.04499,-0.033175,0,1,0.559,0.559,0.5,0.1,0.055898844
-0.045025,-0.033692,0,1,0.56,0.56,0.5,0.1,0.056235234
-0.045058,-0.034211,0,1,0.561,0.561,0.5,0.1,0.056573986
-0.045092,-0.03473,0,1,0.562,0.562,0.5,0.1,0.056916266
-0.045125,-0.03525,0,1,0.563,0.563,0.5,0.1,0.057261052
-0.045158,-0.035769,0,1,0.564,0.564,0.5,0.1,0.057607867
-0.045192,-0.036289,0,1,0.565,0.565,0.5,0.1,0.057958678
-0.045225,-0.036808,0,1,0.566,0.566,0.5,0.1,0.058310629
-0.045258,-0.037328,0,1,0.567,0.567,0.5,0.1,0.058665715
-0.045292,-0.037847,0,1,0.568,0.568,0.5,0.1,0.059023391
-0.045325,-0.038367,0,1,0.569,0.569,0.5,0.1,0.05938335
-0.045358,-0.038886,0,1,0.57,0.57,0.5,0.1,0.059745035
-0.045389,-0.039409,0,1,0.571,0.571,0.5,0.1,0.060110154
-0.045421,-0.039932,0,1,0.572,0.572,0.5,0.1,0.060478359
-0.045452,-0.040455,0,1,0.573,0.573,0.5,0.1,0.0608481
-0.045483,-0.040978,0,1,0.574,0.574,0.5,0.1,0.061220093
-0.045514,-0.041502,0,1,0.575,0.575,0.5,0.1,0.061594969
-0.045545,-0.042025,0,1,0.576,0.576,0.5,0.1,0.061971345
-0.045576,-0.042548,0,1,0.577,0.577,0.5,0.1,0.062349852
-0.045607,-0.043071,0,1,0.578,0.578,0.5,0.1,0.062730451
-0.045639,-0.043594,0,1,0.579,0.579,0.5,0.1,0.063113827
-0.04567,-0.044117,0,1,0.58,0.58,0.5,0.1,0.063498493
-0.045698,-0.044645,0,1,0.581,0.581,0.5,0.1,0.063886487
-0.045727,-0.045173,0,1,0.582,0.582,0.5,0.1,0.0642772
-0.045756,-0.045701,0,1,0.583,0.583,0.5,0.1,0.064669877
-0.045784,-0.046228,0,1,0.584,0.584,0.5,0.1,0.065063067
-0.045813,-0.046756,0,1,0.585,0.585,0.5,0.1,0.065459564
-0.045842,-0.047284,0,1,0.586,0.586,0.5,0.1,0.06585792
-0.04587,-0.047812,0,1,0.587,0.587,0.5,0.1,0.066257409
-0.045899,-0.04834,0,1,0.588,0.588,0.5,0.1,0.066659386
-0.045928,-0.048868,0,1,0.589,0.589,0.5,0.1,0.067063124
-0.045956,-0.049395,0,1,0.59,0.59,0.5,0.1,0.067467177
-0.045982,-0.049929,0,1,0.591,0.591,0.5,0.1,0.067876722
-0.046008,-0.050463,0,1,0.592,0.592,0.5,0.1,0.068287996
-0.046034,-0.050997,0,1,0.593,0.593,0.5,0.1,0.068700969
-0.04606,-0.051531,0,1,0.594,0.594,0.5,0.1,0.06911561
-0.046086,-0.052065,0,1,0.595,0.595,0.5,0.1,0.069531889
-0.046112,-0.052599,0,1,0.596,0.596,0.5,0.1,0.069949777
-0.046138,-0.053133,0,1,0.597,0.597,0.5,0.1,0.070369246
-0.046164,-0.053666,0,1,0.598,0.598,0.5,0.1,0.070789508
-0.04619,-0.0542,0,1,0.599,0.599,0.5,0.1,0.07121205
-0.046215,-0.054734,0,1,0.6,0.6,0.5,0.1,0.071635445
-0.046239,-0.055276,0,1,0.601,0.601,0.5,0.1,0.072065812
-0.046262,-0.055817,0,1,0.602,0.602,0.5,0.1,0.072496277
-0.046285,-0.056359,0,1,0.603,0.603,0.5,0.1,0.072928994
-0.046308,-0.0569,0,1,0.604,0.604,0.5,0.1,0.073362394
-0.046331,-0.057442,0,1,0.605,0.605,0.5,0.1,0.073798001
-0.046354,-0.057983,0,1,0.606,0.606,0.5,0.1,0.074234235
-0.046377,-0.058525,0,1,0.607,0.607,0.5,0.1,0.074672631
-0.0464,-0.059066,0,1,0.608,0.608,0.5,0.1,0.075111599
-0.046423,-0.059608,0,1,0.609,0.609,0.5,0.1,0.075552688
-0.046446,-0.060149,0,1,0.61,0.61,0.5,0.1,0.075994297
-0.046466,-0.0607,0,1,0.611,0.611,0.5,0.1,0.076443307
-0.046486,-0.061251,0,1,0.612,0.612,0.5,0.1,0.076893649
-0.046507,-0.061802,0,1,0.613,0.613,0.5,0.1,0.0773459
-0.046527,-0.062353,0,1,0.614,0.614,0.5,0.1,0.077798832
-0.046547,-0.062904,0,1,0.615,0.615,0.5,0.1,0.078253028
-0.046567,-0.063455,0,1,0.616,0.616,0.5,0.1,0.078708465
-0.046587,-0.064006,0,1,0.617,0.617,0.5,0.1,0.079165122
-0.046607,-0.064557,0,1,0.618,0.618,0.5,0.1,0.079622978
-0.046628,-0.065108,0,1,0.619,0.619,0.5,0.1,0.080082595
-0.046648,-0.065659,0,1,0.62,0.62,0.5,0.1,0.080542785
-0.046665,-0.066222,0,1,0.621,0.621,0.5,0.1,0.081012194
-0.046682,-0.066785,0,1,0.622,0.622,0.5,0.1,0.081482792
-0.0467,-0.067348,0,1,0.623,0.623,0.5,0.1,0.081955129
-0.046717,-0.067911,0,1,0.624,0.624,0.5,0.1,0.082428041
-0.046734,-0.068473,0,1,0.625,0.625,0.5,0.1,0.082901257
-0.046752,-0.069036,0,1,0.626,0.626,0.5,0.1,0.083376968
-0.046769,-0.069599,0,1,0.627,0.627,0.5,0.1,0.083853206
-0.046787,-0.070162,0,1,0.628,0.628,0.5,0.1,0.084331071
-0.046804,-0.070725,0,1,0.629,0.629,0.5,0.1,0.084809434
-0.046821,-0.071287,0,1,0.63,0.63,0.5,0.1,0.085287997
-0.046836,-0.071865,0,1,0.631,0.631,0.5,0.1,0.085779888
-0.046851,-0.072442,0,1,0.632,0.632,0.5,0.1,0.086272009
-0.046866,-0.073019,0,1,0.633,0.633,0.5,0.1,0.086765179
-0.04688,-0.073596,0,1,0.634,0.634,0.5,0.1,0.087258843
-0.046895,-0.074173,0,1,0.635,0.635,0.5,0.1,0.087754059
-0.04691,-0.07475,0,1,0.636,0.636,0.5,0.1,0.088250273
-0.046925,-0.075327,0,1,0.637,0.637,0.5,0.1,0.088747465
-0.04694,-0.075904,0,1,0.638,0.638,0.5,0.1,0.089245621
-0.046954,-0.076481,0,1,0.639,0.639,0.5,0.1,0.0897442
-0.046969,-0.077058,0,1,0.64,0.64,0.5,0.1,0.090244237
-0.046982,-0.077653,0,1,0.641,0.641,0.5,0.1,0.090759554
-0.046995,-0.078247,0,1,0.642,0.642,0.5,0.1,0.091274986
-0.047007,-0.078841,0,1,0.643,0.643,0.5,0.1,0.091790856
-0.04702,-0.079435,0,1,0.644,0.644,0.5,0.1,0.092308177
-0.047032,-0.080029,0,1,0.645,0.645,0.5,0.1,0.092825912
-0.047045,-0.080624,0,1,0.646,0.646,0.5,0.1,0.093345923
-0.047058,-0.081218,0,1,0.647,0.647,0.5,0.1,0.093865962
-0.04707,-0.081812,0,1,0.648,0.648,0.5,0.1,0.094386377
-0.047083,-0.082406,0,1,0.649,0.649,0.5,0.1,0.094908154
-0.047096,-0.083,0,1,0.65,0.65,0.5,0.1,0.095430777
-0.047107,-0.083615,0,1,0.651,0.651,0.5,0.1,0.095971546
-0.047118,-0.084229,0,1,0.652,0.652,0.5,0.1,0.096512333
-0.047129,-0.084844,0,1,0.653,0.653,0.5,0.1,0.097054866
-0.04714,-0.085458,0,1,0.654,0.654,0.5,0.1,0.097597384
-0.047151,-0.086072,0,1,0.655,0.655,0.5,0.1,0.098140746
-0.047162,-0.086687,0,1,0.656,0.656,0.5,0.1,0.098685816
-0.047173,-0.087301,0,1,0.657,0.657,0.5,0.1,0.099230824
-0.047184,-0.087915,0,1,0.658,0.658,0.5,0.1,0.099776636
-0.047195,-0.08853,0,1,0.659,0.659,0.5,0.1,0.100324119
-0.047206,-0.089144,0,1,0.66,0.66,0.5,0.1,0.100871498
-0.047216,-0.089782,0,1,0.661,0.661,0.5,0.1,0.101440417
-0.047226,-0.09042,0,1,0.662,0.662,0.5,0.1,0.102010154
-0.047236,-0.091058,0,1,0.663,0.663,0.5,0.1,0.102580695
-0.047246,-0.091696,0,1,0.664,0.664,0.5,0.1,0.103152028
-0.047257,-0.092333,0,1,0.665,0.665,0.5,0.1,0.103723705
-0.047267,-0.092971,0,1,0.666,0.666,0.5,0.1,0.104296578
-0.047277,-0.093609,0,1,0.667,0.667,0.5,0.1,0.104870204
-0.047287,-0.094247,0,1,0.668,0.668,0.5,0.1,0.10544457
-0.047297,-0.094885,0,1,0.669,0.669,0.5,0.1,0.106019665
-0.047307,-0.095522,0,1,0.67,0.67,0.5,0.1,0.106594581
-0.047317,-0.096187,0,1,0.671,0.671,0.5,0.1,0.107195324
-0.047327,-0.096852,0,1,0.672,0.672,0.5,0.1,0.107796822
-0.047337,-0.097516,0,1,0.673,0.673,0.5,0.1,0.108398163
-0.047348,-0.098181,0,1,0.674,0.674,0.5,0.1,0.109001568
-0.047358,-0.098846,0,1,0.675,0.675,0.5,0.1,0.109605255
-0.047368,-0.09951,0,1,0.676,0.676,0.5,0.1,0.110208745
-0.047378,-0.10017,0,1,0.677,0.677,0.5,0.1,0.110809313
-0.047388,-0.10084,0,1,0.678,0.678,0.5,0.1,0.111419604
-0.047398,-0.1015,0,1,0.679,0.679,0.5,0.1,0.112021518
-0.047408,-0.10217,0,1,0.68,0.68,0.5,0.1,0.112633154
-0.047419,-0.10286,0,1,0.681,0.681,0.5,0.1,0.113264033
-0.04743,-0.10356,0,1,0.682,0.682,0.5,0.1,0.11390469
-0.047441,-0.10425,0,1,0.683,0.683,0.5,0.1,0.114536942
-0.047452,-0.10495,0,1,0.684,0.684,0.5,0.1,0.115178969
-0.047463,-0.10564,0,1,0.685,0.685,0.5,0.1,0.115812547
-0.047474,-0.10634,0,1,0.686,0.686,0.5,0.1,0.116455898
-0.047485,-0.10703,0,1,0.687,0.687,0.5,0.1,0.11709076
-0.047496,-0.10773,0,1,0.688,0.688,0.5,0.1,0.117735394
-0.047507,-0.10842,0,1,0.689,0.689,0.5,0.1,0.118371498
-0.047518,-0.10912,0,1,0.69,0.69,0.5,0.1,0.119017372
-0.047531,-0.10984,0,1,0.691,0.691,0.5,0.1,0.119683004
-0.047544,-0.11057,0,1,0.692,0.692,0.5,0.1,0.120358451
-0.047557,-0.1113,0,1,0.693,0.693,0.5,0.1,0.121034533
-0.04757,-0.11203,0,1,0.694,0.694,0.5,0.1,0.121711239
-0.047583,-0.11276,0,1,0.695,0.695,0.5,0.1,0.122388559
-0.047597,-0.11349,0,1,0.696,0.696,0.5,0.1,0.12306687
-0.04761,-0.11421,0,1,0.697,0.697,0.5,0.1,0.123736156
-0.047623,-0.11494,0,1,0.698,0.698,0.5,0.1,0.124415247
-0.047636,-0.11567,0,1,0.699,0.699,0.5,0.1,0.125094914
-0.047649,-0.1164,0,1,0.7,0.7,0.5,0.1,0.125775145
-0.047665,-0.11716,0,1,0.701,0.701,0.5,0.1,0.126484852
-0.047681,-0.11793,0,1,0.702,0.702,0.5,0.1,0.127204413
-0.047697,-0.11869,0,1,0.703,0.703,0.5,0.1,0.127915284
-0.047713,-0.11946,0,1,0.704,0.704,0.5,0.1,0.128636006
-0.04773,-0.12022,0,1,0.705,0.705,0.5,0.1,0.129348372
-0.047746,-0.12099,0,1,0.706,0.706,0.5,0.1,0.130070214
-0.047762,-0.12175,0,1,0.707,0.707,0.5,0.1,0.130783298
-0.047778,-0.12252,0,1,0.708,0.708,0.5,0.1,0.131506227
-0.047794,-0.12328,0,1,0.709,0.709,0.5,0.1,0.132220365
-0.047811,-0.12404,0,1,0.71,0.71,0.5,0.1,0.132935373
-0.047831,-0.12485,0,1,0.711,0.711,0.5,0.1,0.133698643
-0.047852,-0.12565,0,1,0.712,0.712,0.5,0.1,0.134453473
-0.047872,-0.12646,0,1,0.713,0.713,0.5,0.1,0.135217824
-0.047893,-0.12726,0,1,0.714,0.714,0.5,0.1,0.1359737
-0.047913,-0.12806,0,1,0.715,0.715,0.5,0.1,0.13672973
-0.047934,-0.12887,0,1,0.716,0.716,0.5,0.1,0.137495983
-0.047954,-0.12967,0,1,0.717,0.717,0.5,0.1,0.138253011
-0.047975,-0.13047,0,1,0.718,0.718,0.5,0.1,0.139010868
-0.047995,-0.13128,0,1,0.719,0.719,0.5,0.1,0.139778247
-0.048016,-0.13208,0,1,0.72,0.72,0.5,0.1,0.140537051
-0.048042,-0.13293,0,1,0.721,0.721,0.5,0.1,0.141345034
-0.048068,-0.13377,0,1,0.722,0.722,0.5,0.1,0.142144101
-0.048093,-0.13462,0,1,0.723,0.723,0.5,0.1,0.142952723
-0.048119,-0.13546,0,1,0.724,0.724,0.5,0.1,0.143752738
-0.048145,-0.13631,0,1,0.725,0.725,0.5,0.1,0.144562641
-0.048171,-0.13715,0,1,0.726,0.726,0.5,0.1,0.145363571
-0.048197,-0.138,0,1,0.727,0.727,0.5,0.1,0.146174385
-0.048223,-0.13884,0,1,0.728,0.728,0.5,0.1,0.1469762
-0.048249,-0.13968,0,1,0.729,0.729,0.5,0.1,0.147778444
-0.048275,-0.14053,0,1,0.73,0.73,0.5,0.1,0.148590567
-0.048307,-0.14142,0,1,0.731,0.731,0.5,0.1,0.149442908
-0.048339,-0.14231,0,1,0.732,0.732,0.5,0.1,0.150295692
-0.048371,-0.14319,0,1,0.733,0.733,0.5,0.1,0.151139438
-0.048404,-0.14408,0,1,0.734,0.734,0.5,0.1,0.1519934
-0.048436,-0.14497,0,1,0.735,0.735,0.5,0.1,0.152847463
-0.048468,-0.14586,0,1,0.736,0.736,0.5,0.1,0.153701941
-0.048501,-0.14674,0,1,0.737,0.737,0.5,0.1,0.154547645
-0.048533,-0.14763,0,1,0.738,0.738,0.5,0.1,0.155402925
-0.048565,-0.14852,0,1,0.739,0.739,0.5,0.1,0.156258599
-0.048597,-0.14941,0,1,0.74,0.74,0.5,0.1,0.15711466
-0.048637,-0.15034,0,1,0.741,0.741,0.5,0.1,0.158011624
-0.048676,-0.15127,0,1,0.742,0.742,0.5,0.1,0.158908671
-0.048716,-0.1522,0,1,0.743,0.743,0.5,0.1,0.15980641
-0.048755,-0.15313,0,1,0.744,0.744,0.5,0.1,0.160704222
-0.048795,-0.15406,0,1,0.745,0.745,0.5,0.1,0.161602709
-0.048834,-0.155,0,1,0.746,0.746,0.5,0.1,0.162510798
-0.048873,-0.15593,0,1,0.747,0.747,0.5,0.1,0.163409715
-0.048913,-0.15686,0,1,0.748,0.748,0.5,0.1,0.164309285
-0.048952,-0.15779,0,1,0.749,0.749,0.5,0.1,0.165208905
-0.048992,-0.15872,0,1,0.75,0.75,0.5,0.1,0.166109164
-0.049039,-0.1597,0,1,0.751,0.751,0.5,0.1,0.167059611
-0.049086,-0.16067,0,1,0.752,0.752,0.5,0.1,0.168000846
-0.049133,-0.16165,0,1,0.753,0.753,0.5,0.1,0.168951988
-0.04918,-0.16262,0,1,0.754,0.754,0.5,0.1,0.169893899
-0.049227,-0.1636,0,1,0.755,0.755,0.5,0.1,0.170845713
-0.049275,-0.16457,0,1,0.756,0.756,0.5,0.1,0.171788563
-0.049322,-0.16555,0,1,0.757,0.757,0.5,0.1,0.172741026
-0.049369,-0.16653,0,1,0.758,0.758,0.5,0.1,0.173693808
-0.049416,-0.1675,0,1,0.759,0.759,0.5,0.1,0.174637313
-0.049463,-0.16848,0,1,0.76,0.76,0.5,0.1,0.175590714
-0.049518,-0.1695,0,1,0.761,0.761,0.5,0.1,0.176585057
-0.049574,-0.17052,0,1,0.762,0.762,0.5,0.1,0.177579987
-0.049629,-0.17154,0,1,0.763,0.763,0.5,0.1,0.17857494
-0.049684,-0.17256,0,1,0.764,0.764,0.5,0.1,0.179570191
-0.049739,-0.17357,0,1,0.765,0.765,0.5,0.1,0.180556122
-0.049794,-0.17459,0,1,0.766,0.766,0.5,0.1,0.18155195
-0.049849,-0.17561,0,1,0.767,0.767,0.5,0.1,0.182548062
-0.049904,-0.17663,0,1,0.768,0.768,0.5,0.1,0.183544453
-0.04996,-0.17765,0,1,0.769,0.769,0.5,0.1,0.184541389
-0.050015,-0.17867,0,1,0.77,0.77,0.5,0.1,0.185538323
-0.050078,-0.17974,0,1,0.771,0.771,0.5,0.1,0.186585835
-0.050141,-0.1808,0,1,0.772,0.772,0.5,0.1,0.187623985
-0.050204,-0.18186,0,1,0.773,0.773,0.5,0.1,0.1886624
-0.050267,-0.18293,0,1,0.774,0.774,0.5,0.1,0.189710717
-0.05033,-0.18399,0,1,0.775,0.775,0.5,0.1,0.19074965
-0.050393,-0.18505,0,1,0.776,0.776,0.5,0.1,0.191788834
-0.050456,-0.18612,0,1,0.777,0.777,0.5,0.1,0.192837917
-0.050519,-0.18718,0,1,0.778,0.778,0.5,0.1,0.193877595
-0.050582,-0.18824,0,1,0.779,0.779,0.5,0.1,0.194917512
-0.050645,-0.18931,0,1,0.78,0.78,0.5,0.1,0.195967324
-0.050715,-0.19041,0,1,0.781,0.781,0.5,0.1,0.197048165
-0.050785,-0.19152,0,1,0.782,0.782,0.5,0.1,0.198138907
-0.050856,-0.19262,0,1,0.783,0.783,0.5,0.1,0.199220474
-0.050926,-0.19373,0,1,0.784,0.784,0.5,0.1,0.200311683
-0.050996,-0.19484,0,1,0.785,0.785,0.5,0.1,0.201403122
-0.051067,-0.19594,0,1,0.786,0.786,0.5,0.1,0.202485363
-0.051137,-0.19705,0,1,0.787,0.787,0.5,0.1,0.203577246
-0.051207,-0.19815,0,1,0.788,0.788,0.5,0.1,0.204659667
-0.051278,-0.19926,0,1,0.789,0.789,0.5,0.1,0.205752232
-0.051348,-0.20037,0,1,0.79,0.79,0.5,0.1,0.206844758
-0.051424,-0.20151,0,1,0.791,0.791,0.5,0.1,0.207968045
-0.051501,-0.20266,0,1,0.792,0.792,0.5,0.1,0.209101479
-0.051578,-0.20381,0,1,0.793,0.793,0.5,0.1,0.210235121
-0.051654,-0.20496,0,1,0.794,0.794,0.5,0.1,0.211368724
-0.051731,-0.20611,0,1,0.795,0.795,0.5,0.1,0.212502773
-0.051808,-0.20725,0,1,0.796,0.796,0.5,0.1,0.213627319
-0.051884,-0.2084,0,1,0.797,0.797,0.5,0.1,0.214761518
-0.051961,-0.20955,0,1,0.798,0.798,0.5,0.1,0.215896151
-0.052038,-0.2107,0,1,0.799,0.799,0.5,0.1,0.217030973
-0.052114,-0.21184,0,1,0.8,0.8,0.5,0.1,0.218156033
-0.052196,-0.21303,0,1,0.801,0.801,0.5,0.1,0.219331264
-0.052277,-0.21422,0,1,0.802,0.802,0.5,0.1,0.220506447
-0.052358,-0.21541,0,1,0.803,0.803,0.5,0.1,0.221681818
-0.05244,-0.21659,0,1,0.804,0.804,0.5,0.1,0.222847889
-0.052521,-0.21778,0,1,0.805,0.805,0.5,0.1,0.224023623
-0.052603,-0.21897,0,1,0.806,0.806,0.5,0.1,0.22519977
-0.052684,-0.22016,0,1,0.807,0.807,0.5,0.1,0.226375859
-0.052765,-0.22134,0,1,0.808,0.808,0.5,0.1,0.227542393
-0.052847,-0.22253,0,1,0.809,0.809,0.5,0.1,0.228719055
-0.052928,-0.22372,0,1,0.81,0.81,0.5,0.1,0.229895654
-0.053012,-0.22494,0,1,0.811,0.811,0.5,0.1,0.231102306
-0.053096,-0.22617,0,1,0.812,0.812,0.5,0.1,0.232318863
-0.053181,-0.22739,0,1,0.813,0.813,0.5,0.1,0.233526082
-0.053265,-0.22862,0,1,0.814,0.814,0.5,0.1,0.234742976
-0.053349,-0.22984,0,1,0.815,0.815,0.5,0.1,0.235950294
-0.053433,-0.23107,0,1,0.816,0.816,0.5,0.1,0.237167515
-0.053517,-0.23229,0,1,0.817,0.817,0.5,0.1,0.238375153
-0.053601,-0.23352,0,1,0.818,0.818,0.5,0.1,0.239592691
-0.053685,-0.23474,0,1,0.819,0.819,0.5,0.1,0.240800637
-0.053769,-0.23597,0,1,0.82,0.82,0.5,0.1,0.242018483
-0.053853,-0.23723,0,1,0.821,0.821,0.5,0.1,0.243265736
-0.053937,-0.23848,0,1,0.822,0.822,0.5,0.1,0.244503395
-0.054022,-0.23974,0,1,0.823,0.823,0.5,0.1,0.245751183
-0.054106,-0.241,0,1,0.824,0.824,0.5,0.1,0.246998905
-0.05419,-0.24226,0,1,0.825,0.825,0.5,0.1,0.24824678
-0.054274,-0.24352,0,1,0.826,0.826,0.5,0.1,0.249494805
-0.054358,-0.24477,0,1,0.827,0.827,0.5,0.1,0.250733215
-0.054442,-0.24603,0,1,0.828,0.828,0.5,0.1,0.251981532
-0.054526,-0.24729,0,1,0.829,0.829,0.5,0.1,0.253229992
-0.05461,-0.24855,0,1,0.83,0.83,0.5,0.1,0.254478594
-0.054691,-0.24983,0,1,0.831,0.831,0.5,0.1,0.25574623
-0.054772,-0.25112,0,1,0.832,0.832,0.5,0.1,0.257023786
-0.054853,-0.2524,0,1,0.833,0.833,0.5,0.1,0.258291718
-0.054934,-0.25369,0,1,0.834,0.834,0.5,0.1,0.259569568
-0.055015,-0.25497,0,1,0.835,0.835,0.5,0.1,0.260837787
-0.055096,-0.25625,0,1,0.836,0.836,0.5,0.1,0.262106146
-0.055177,-0.25754,0,1,0.837,0.837,0.5,0.1,0.26338442
-0.055258,-0.25882,0,1,0.838,0.838,0.5,0.1,0.264653054
-0.055339,-0.26011,0,1,0.839,0.839,0.5,0.1,0.265931602
-0.05542,-0.26139,0,1,0.84,0.84,0.5,0.1,0.267200502
-0.055494,-0.2627,0,1,0.841,0.841,0.5,0.1,0.268497438
-0.055568,-0.264,0,1,0.842,0.842,0.5,0.1,0.269784734
-0.055642,-0.2653,0,1,0.843,0.843,0.5,0.1,0.271072172
-0.055716,-0.2666,0,1,0.844,0.844,0.5,0.1,0.272359749
-0.055791,-0.2679,0,1,0.845,0.845,0.5,0.1,0.273647667
-0.055865,-0.26921,0,1,0.846,0.846,0.5,0.1,0.274945308
-0.055939,-0.27051,0,1,0.847,0.847,0.5,0.1,0.276233292
-0.056013,-0.27181,0,1,0.848,0.848,0.5,0.1,0.277521409
-0.056088,-0.27311,0,1,0.849,0.849,0.5,0.1,0.278809856
-0.056162,-0.27441,0,1,0.85,0.85,0.5,0.1,0.28009823
-0.056226,-0.27572,0,1,0.851,0.851,0.5,0.1,0.28139453
-0.05629,-0.27703,0,1,0.852,0.852,0.5,0.1,0.282690971
-0.056354,-0.27834,0,1,0.853,0.853,0.5,0.1,0.283987551
-0.056419,-0.27965,0,1,0.854,0.854,0.5,0.1,0.285284465
-0.056483,-0.28096,0,1,0.855,0.855,0.5,0.1,0.286581316
-0.056547,-0.28227,0,1,0.856,0.856,0.5,0.1,0.287878301
-0.056611,-0.28357,0,1,0.857,0.857,0.5,0.1,0.28916561
-0.056676,-0.28488,0,1,0.858,0.858,0.5,0.1,0.29046305
-0.05674,-0.28619,0,1,0.859,0.859,0.5,0.1,0.291760422
-0.056804,-0.2875,0,1,0.86,0.86,0.5,0.1,0.29305792
-0.056857,-0.28881,0,1,0.861,0.861,0.5,0.1,0.294353418
-0.056909,-0.29011,0,1,0.862,0.862,0.5,0.1,0.295639047
-0.056962,-0.29142,0,1,0.863,0.863,0.5,0.1,0.296934818
-0.057015,-0.29273,0,1,0.864,0.864,0.5,0.1,0.298230721
-0.057067,-0.29403,0,1,0.865,0.865,0.5,0.1,0.29951675
-0.05712,-0.29534,0,1,0.866,0.866,0.5,0.1,0.300812915
-0.057173,-0.29665,0,1,0.867,0.867,0.5,0.1,0.302109209
-0.057225,-0.29796,0,1,0.868,0.868,0.5,0.1,0.303405442
-0.057278,-0.29926,0,1,0.869,0.869,0.5,0.1,0.304692167
-0.05733,-0.30057,0,1,0.87,0.87,0.5,0.1,0.30598865
-0.057374,-0.30188,0,1,0.871,0.871,0.5,0.1,0.307283762
-0.057418,-0.30319,0,1,0.872,0.872,0.5,0.1,0.308579006
-0.057461,-0.3045,0,1,0.873,0.873,0.5,0.1,0.309874195
-0.057505,-0.30581,0,1,0.874,0.874,0.5,0.1,0.311169698
-0.057548,-0.30712,0,1,0.875,0.875,0.5,0.1,0.312465145
-0.057592,-0.30843,0,1,0.876,0.876,0.5,0.1,0.313760902
-0.057635,-0.30974,0,1,0.877,0.877,0.5,0.1,0.315056599
-0.057679,-0.31105,0,1,0.878,0.878,0.5,0.1,0.316352603
-0.057723,-0.31237,0,1,0.879,0.879,0.5,0.1,0.317658561
-0.057766,-0.31368,0,1,0.88,0.88,0.5,0.1,0.318954626
-0.057812,-0.31503,0,1,0.881,0.881,0.5,0.1,0.320290693
-0.057857,-0.31639,0,1,0.882,0.882,0.5,0.1,0.321636541
-0.057902,-0.31774,0,1,0.883,0.883,0.5,0.1,0.322972676
-0.057948,-0.3191,0,1,0.884,0.884,0.5,0.1,0.324318949
-0.057993,-0.32045,0,1,0.885,0.885,0.5,0.1,0.325655325
-0.058039,-0.32181,0,1,0.886,0.886,0.5,0.1,0.327001837
-0.058084,-0.32316,0,1,0.887,0.887,0.5,0.1,0.328338448
-0.05813,-0.32452,0,1,0.888,0.888,0.5,0.1,0.329685194
-0.058175,-0.32587,0,1,0.889,0.889,0.5,0.1,0.331022035
-0.05822,-0.32723,0,1,0.89,0.89,0.5,0.1,0.332368833
-0.058292,-0.32874,0,1,0.891,0.891,0.5,0.1,0.333868155
-0.058363,-0.33025,0,1,0.892,0.892,0.5,0.1,0.335367414
-0.058434,-0.33176,0,1,0.893,0.893,0.5,0.1,0.336866784
-0.058505,-0.33327,0,1,0.894,0.894,0.5,0.1,0.338366263
-0.058576,-0.33477,0,1,0.895,0.895,0.5,0.1,0.339856
-0.058647,-0.33628,0,1,0.896,0.896,0.5,0.1,0.341355693
-0.058718,-0.33779,0,1,0.897,0.897,0.5,0.1,0.342855491
-0.058789,-0.3393,0,1,0.898,0.898,0.5,0.1,0.344355393
-0.05886,-0.34081,0,1,0.899,0.899,0.5,0.1,0.345855397
-0.058931,-0.34232,0,1,0.9,0.9,0.5,0.1,0.347355503
-0.059064,-0.34419,0,1,0.901,0.901,0.5,0.1,0.349221008
-0.059197,-0.34605,0,1,0.902,0.902,0.5,0.1,0.351076754
-0.059331,-0.34792,0,1,0.903,0.903,0.5,0.1,0.352942621
-0.059464,-0.34978,0,1,0.904,0.904,0.5,0.1,0.354798557
-0.059597,-0.35165,0,1,0.905,0.905,0.5,0.1,0.356664443
-0.059731,-0.35352,0,1,0.906,0.906,0.5,0.1,0.358530588
-0.059864,-0.35538,0,1,0.907,0.907,0.5,0.1,0.360386796
-0.059997,-0.35725,0,1,0.908,0.908,0.5,0.1,0.362252954
-0.060131,-0.35912,0,1,0.909,0.909,0.5,0.1,0.364119364
-0.060264,-0.36098,0,1,0.91,0.91,0.5,0.1,0.365975833
-0.060494,-0.36347,0,1,0.911,0.911,0.5,0.1,0.368469761
-0.060725,-0.36596,0,1,0.912,0.912,0.5,0.1,0.370963943
-0.060955,-0.36845,0,1,0.913,0.913,0.5,0.1,0.373458049
-0.061185,-0.37093,0,1,0.914,0.914,0.5,0.1,0.375942375
-0.061415,-0.37342,0,1,0.915,0.915,0.5,0.1,0.378436651
-0.061646,-0.37591,0,1,0.916,0.916,0.5,0.1,0.380931171
-0.061876,-0.3784,0,1,0.917,0.917,0.5,0.1,0.383425611
-0.062106,-0.38089,0,1,0.918,0.918,0.5,0.1,0.385920131
-0.062337,-0.38337,0,1,0.919,0.919,0.5,0.1,0.388405019
-0.062567,-0.38586,0,1,0.92,0.92,0.5,0.1,0.390899692
-0.062884,-0.38912,0,1,0.921,0.921,0.5,0.1,0.394168456
-0.063202,-0.39238,0,1,0.922,0.922,0.5,0.1,0.397437488
-0.063519,-0.39565,0,1,0.923,0.923,0.5,0.1,0.400716341
-0.063836,-0.39891,0,1,0.924,0.924,0.5,0.1,0.403985424
-0.064153,-0.40217,0,1,0.925,0.925,0.5,0.1,0.407254609
-0.064471,-0.40543,0,1,0.926,0.926,0.5,0.1,0.410524049
-0.064788,-0.40869,0,1,0.927,0.927,0.5,0.1,0.413793428
-0.065105,-0.41196,0,1,0.928,0.928,0.5,0.1,0.417072779
-0.065423,-0.41522,0,1,0.929,0.929,0.5,0.1,0.4203425
-0.06574,-0.41848,0,1,0.93,0.93,0.5,0.1,0.423612155
-0.066036,-0.4222,0,1,0.931,0.931,0.5,0.1,0.427333117
-0.066332,-0.42592,0,1,0.932,0.932,0.5,0.1,0.431054266
-0.066628,-0.42964,0,1,0.933,0.933,0.5,0.1,0.434775597
-0.066924,-0.43336,0,1,0.934,0.934,0.5,0.1,0.438497105
-0.06722,-0.43708,0,1,0.935,0.935,0.5,0.1,0.442218786
-0.067516,-0.4408,0,1,0.936,0.936,0.5,0.1,0.445940635
-0.067812,-0.44452,0,1,0.937,0.937,0.5,0.1,0.449662649
-0.068108,-0.44824,0,1,0.938,0.938,0.5,0.1,0.453384822
-0.068404,-0.45197,0,1,0.939,0.939,0.5,0.1,0.45711704
-0.0687,-0.45569,0,1,0.94,0.94,0.5,0.1,0.460839523
-0.068743,-0.45863,0,1,0.941,0.941,0.5,0.1,0.46375325
-0.068787,-0.46158,0,1,0.942,0.942,0.5,0.1,0.466677349
-0.068831,-0.46453,0,1,0.943,0.943,0.5,0.1,0.469601775
-0.068875,-0.46748,0,1,0.944,0.944,0.5,0.1,0.472526524
-0.068918,-0.47043,0,1,0.945,0.945,0.5,0.1,0.475451444
-0.068962,-0.47338,0,1,0.946,0.946,0.5,0.1,0.47837682
-0.069006,-0.47633,0,1,0.947,0.947,0.5,0.1,0.4813025
-0.06905,-0.47928,0,1,0.948,0.948,0.5,0.1,0.48422848
-0.069093,-0.48223,0,1,0.949,0.949,0.5,0.1,0.487154612
-0.069137,-0.48517,0,1,0.95,0.95,0.5,0.1,0.490071274
-0.06861,-0.48497,0,1,0.951,0.951,0.5,0.1,0.489799176
-0.068082,-0.48477,0,1,0.952,0.952,0.5,0.1,0.489527437
-0.067554,-0.48457,0,1,0.953,0.953,0.5,0.1,0.489256199
-0.067027,-0.48437,0,1,0.954,0.954,0.5,0.1,0.488985599
-0.066499,-0.48417,0,1,0.955,0.955,0.5,0.1,0.488715363
-0.065972,-0.48396,0,1,0.956,0.956,0.5,0.1,0.488435857
-0.065444,-0.48376,0,1,0.957,0.957,0.5,0.1,0.488166626
-0.064917,-0.48356,0,1,0.958,0.958,0.5,0.1,0.487898033
-0.064389,-0.48336,0,1,0.959,0.959,0.5,0.1,0.487629811
-0.063862,-0.48316,0,1,0.96,0.96,0.5,0.1,0.487362227
-0.062512,-0.4768,0,1,0.961,0.961,0.5,0.1,0.480880432
-0.061162,-0.47044,0,1,0.962,0.962,0.5,0.1,0.474399182
-0.059813,-0.46408,0,1,0.963,0.963,0.5,0.1,0.467918627
-0.058463,-0.45772,0,1,0.964,0.964,0.5,0.1,0.461438534
-0.057113,-0.45136,0,1,0.965,0.965,0.5,0.1,0.454959058
-0.055764,-0.445,0,1,0.966,0.966,0.5,0.1,0.448480349
-0.054414,-0.43864,0,1,0.967,0.967,0.5,0.1,0.442002187
-0.053065,-0.43228,0,1,0.968,0.968,0.5,0.1,0.435524847
-0.051715,-0.42592,0,1,0.969,0.969,0.5,0.1,0.429048118
-0.050365,-0.41956,0,1,0.97,0.97,0.5,0.1,0.422572156
-0.048174,-0.40571,0,1,0.971,0.971,0.5,0.1,0.408560079
-0.045983,-0.39185,0,1,0.972,0.972,0.5,0.1,0.394538793
-0.043792,-0.378,0,1,0.973,0.973,0.5,0.1,0.380528237
-0.041601,-0.36414,0,1,0.974,0.974,0.5,0.1,0.366508639
-0.03941,-0.35028,0,1,0.975,0.975,0.5,0.1,0.352490037
-0.037219,-0.33643,0,1,0.976,0.976,0.5,0.1,0.338482494
-0.035028,-0.32257,0,1,0.977,0.977,0.5,0.1,0.324466278
-0.032837,-0.30872,0,1,0.978,0.978,0.5,0.1,0.310461442
-0.030646,-0.29486,0,1,0.979,0.979,0.5,0.1,0.296448304
-0.028455,-0.28101,0,1,0.98,0.98,0.5,0.1,0.282446999
-0.026386,-0.26438,0,1,0.981,0.981,0.5,0.1,0.265693443
-0.024317,-0.24776,0,1,0.982,0.982,0.5,0.1,0.248950465
-0.022247,-0.23114,0,1,0.983,0.983,0.5,0.1,0.232208158
-0.020178,-0.21451,0,1,0.984,0.984,0.5,0.1,0.215456937
-0.018108,-0.19789,0,1,0.985,0.985,0.5,0.1,0.198716763
-0.016039,-0.18127,0,1,0.986,0.986,0.5,0.1,0.181978192
-0.013969,-0.16464,0,1,0.987,0.987,0.5,0.1,0.165231542
-0.0119,-0.14802,0,1,0.988,0.988,0.5,0.1,0.148497577
-0.0098303,-0.1314,0,1,0.989,0.989,0.5,0.1,0.131767199
-0.0077608,-0.11477,0,1,0.99,0.99,0.5,0.1,0.115032095
-0.0069827,-0.1069,0,1,0.991,0.991,0.5,0.1,0.107127812
-0.0062045,-0.099035,0,1,0.992,0.992,0.5,0.1,0.099229164
-0.0054263,-0.091166,0,1,0.993,0.993,0.5,0.1,0.091327347
-0.0046481,-0.083296,0,1,0.994,0.994,0.5,0.1,0.083425586
-0.0038699,-0.075428,0,1,0.995,0.995,0.5,0.1,0.075527209
-0.0030917,-0.067559,0,1,0.996,0.996,0.5,0.1,0.067629706
-0.0023136,-0.05969,0,1,0.997,0.997,0.5,0.1,0.059734821
-0.0015353,-0.051821,0,1,0.998,0.998,0.5,0.1,0.051843738
-0.00075716,-0.043952,0,1,0.999,0.999,0.5,0.1,0.043958521
2.10E-05,-0.036083,0,1,1,1,0.5,0.1,0.036083006
